{
  "train_loss": [
    1.8003077471745763,
    1.7860832830558075,
    1.7734353342925868,
    1.7593013762275953,
    1.742012202091839,
    1.7311708148262928
  ],
  "train_loss_a": [
    1.1021638702655183,
    1.1028671574549398,
    1.1028772028172074,
    1.0991084282668893,
    1.0914374297655722,
    1.0867396178092934
  ],
  "train_loss_o": [
    0.7022703603126,
    0.6998127852049139,
    0.696531438831114,
    0.6924637060810402,
    0.6868261890530875,
    0.6827513745441529
  ],
  "val_loss": [
    1.7699653163624272,
    1.7547460086103799,
    1.7479880691150536,
    1.7499734445470543,
    2.138259868690933,
    2.6043181959269703
  ],
  "val_loss_a": [
    1.095895810979576,
    1.0933478575397804,
    1.0909546204811134,
    1.0914210366166157,
    1.3860657765093634,
    1.6958700417032564
  ],
  "val_loss_o": [
    0.685058769972428,
    0.6838144291426249,
    0.6867443328894279,
    0.6925390868083291,
    0.7956992778657139,
    0.9527289068353348
  ],
  "val_macro_f1_aggression": [
    0.2222222222222222,
    0.2222222222222222,
    0.2222222222222222,
    0.2222222222222222,
    0.2222222222222222,
    0.2222222222222222
  ],
  "val_macro_f1_offense": [
    0.4152542372881356,
    0.4152542372881356,
    0.4152542372881356,
    0.4152542372881356,
    0.4152542372881356,
    0.4152542372881356
  ],
  "val_macro_f1_mean": [
    0.3187382297551789,
    0.3187382297551789,
    0.3187382297551789,
    0.3187382297551789,
    0.3187382297551789,
    0.3187382297551789
  ],
  "task_weight_a": [
    0.9774496555328369,
    0.955516517162323,
    0.9410960674285889,
    0.9328760504722595,
    0.9301536083221436,
    0.9294025301933289
  ],
  "task_weight_o": [
    1.0302724838256836,
    1.0679813623428345,
    1.0978660583496094,
    1.1199266910552979,
    1.1336711645126343,
    1.1383482217788696
  ],
  "log_var_a": [
    0.022808432579040527,
    0.045503273606300354,
    0.0607101209461689,
    0.06948298960924149,
    0.07240557670593262,
    0.0732133686542511
  ],
  "log_var_o": [
    -0.02982328087091446,
    -0.06577031314373016,
    -0.09336844831705093,
    -0.11326318234205246,
    -0.1254611611366272,
    -0.12957827746868134
  ]
}