{
  "val_macro_f1_aggression": 0.2222222222222222,
  "val_macro_f1_offense": 0.4152542372881356,
  "val_macro_f1_mean": 0.3187382297551789,
  "source": "history.json final logged epoch"
}
