{
  "val_macro_f1_aggression": 0.6406386668569449,
  "val_macro_f1_offense": 0.8260869565217391,
  "val_macro_f1_mean": 0.733362811689342
}
